musteri_id,islem_sayisi,tip,farkli_gun,yayilim,ort_sure,esneklik,segment
1,236,bireysel,200,0.847457627118644,111.0,2,Esnek
2,95,bireysel,88,0.9263157894736842,79.21052631578948,2,Esnek
3,245,bireysel,214,0.8734693877551021,95.73877551020408,2,Esnek
4,270,bireysel,213,0.7888888888888889,89.78148148148148,2,Esnek
5,929,KOBİ,504,0.542518837459634,101.88374596340151,1,Orta
6,644,bireysel,394,0.6118012422360248,94.17701863354037,1,Orta
7,2148,KOBİ,647,0.30121042830540035,92.60009310986965,0,Esnek Değil
8,370,bireysel,292,0.7891891891891892,91.92972972972973,2,Esnek
9,140,bireysel,127,0.9071428571428571,79.41428571428571,2,Esnek
10,855,KOBİ,472,0.552046783625731,87.11111111111111,1,Orta
11,1009,KOBİ,510,0.5054509415262636,108.36769078295342,1,Orta
12,560,bireysel,363,0.6482142857142857,89.0375,1,Orta
13,1105,KOBİ,534,0.4832579185520362,79.34841628959276,1,Orta
14,431,bireysel,307,0.7122969837587007,71.45939675174014,2,Esnek
15,446,bireysel,331,0.742152466367713,96.82286995515695,2,Esnek
16,349,bireysel,274,0.7851002865329513,96.87965616045845,2,Esnek
17,61,bireysel,59,0.9672131147540983,96.80327868852459,2,Esnek
18,96,bireysel,90,0.9375,104.4375,2,Esnek
19,71,bireysel,70,0.9859154929577465,101.87323943661971,2,Esnek
20,686,bireysel,429,0.6253644314868805,70.30466472303208,1,Orta
21,223,bireysel,190,0.852017937219731,104.63677130044843,2,Esnek
22,503,bireysel,337,0.6699801192842942,89.08747514910537,1,Orta
23,2449,KOBİ,657,0.26827276439363007,96.25193956717027,0,Esnek Değil
24,204,bireysel,175,0.8578431372549019,52.07843137254902,2,Esnek
25,357,bireysel,281,0.7871148459383753,77.96358543417367,2,Esnek
26,958,KOBİ,502,0.524008350730689,84.90605427974948,1,Orta
27,206,bireysel,173,0.8398058252427184,110.8883495145631,2,Esnek
28,81,bireysel,74,0.9135802469135802,131.7530864197531,2,Esnek
29,234,bireysel,197,0.8418803418803419,87.08974358974359,2,Esnek
30,143,bireysel,130,0.9090909090909091,122.2027972027972,2,Esnek
31,3775,kurumsal,684,0.18119205298013244,90.71655629139073,0,Esnek Değil
32,1263,KOBİ,567,0.4489311163895487,84.20110847189233,1,Orta
33,632,bireysel,400,0.6329113924050633,101.56645569620254,1,Orta
34,1912,KOBİ,650,0.3399581589958159,90.9989539748954,0,Esnek Değil
35,1311,KOBİ,561,0.4279176201372998,85.38672768878719,1,Orta
36,155,bireysel,134,0.864516129032258,146.65806451612903,2,Esnek
37,2202,KOBİ,643,0.2920072661217075,92.00363306085377,0,Esnek Değil
38,502,bireysel,362,0.7211155378486056,94.35059760956176,2,Esnek
39,1313,KOBİ,574,0.43716679360243715,82.67631378522468,1,Orta
40,2217,KOBİ,658,0.2967974740640505,80.85566080288679,0,Esnek Değil
41,213,bireysel,185,0.8685446009389671,116.27699530516432,2,Esnek
42,99,bireysel,94,0.9494949494949495,77.55555555555556,2,Esnek
43,182,bireysel,150,0.8241758241758241,56.494505494505496,2,Esnek
44,344,bireysel,263,0.7645348837209303,93.55523255813954,2,Esnek
45,1311,KOBİ,587,0.4477498093058734,100.70175438596492,1,Orta
46,1762,KOBİ,624,0.35414301929625425,79.08740068104427,0,Esnek Değil
47,74,bireysel,66,0.8918918918918919,161.82432432432432,2,Esnek
48,408,bireysel,295,0.7230392156862745,104.19852941176471,2,Esnek
49,312,bireysel,252,0.8076923076923077,93.30128205128206,2,Esnek
50,189,bireysel,162,0.8571428571428571,84.67724867724868,2,Esnek
51,121,bireysel,109,0.9008264462809917,83.58677685950413,2,Esnek
52,267,bireysel,219,0.8202247191011236,89.0374531835206,2,Esnek
53,4629,kurumsal,698,0.15078850723698423,96.61589976236768,0,Esnek Değil
54,244,bireysel,194,0.7950819672131147,87.02459016393442,2,Esnek
55,455,bireysel,327,0.7186813186813187,77.19340659340659,2,Esnek
56,871,KOBİ,492,0.5648679678530425,82.59357060849598,1,Orta
57,277,bireysel,230,0.8303249097472925,85.23104693140795,2,Esnek
58,7640,kurumsal,701,0.09175392670157068,92.33023560209423,0,Esnek Değil
59,6161,kurumsal,700,0.11361791916896608,88.1981821132933,0,Esnek Değil
60,177,bireysel,158,0.8926553672316384,88.31638418079096,2,Esnek
61,435,bireysel,326,0.7494252873563219,107.00229885057472,2,Esnek
62,243,bireysel,205,0.8436213991769548,91.07407407407408,2,Esnek
63,233,bireysel,188,0.8068669527896996,128.2961373390558,2,Esnek
64,83,bireysel,76,0.9156626506024096,162.0843373493976,2,Esnek
65,633,bireysel,413,0.6524486571879937,77.39810426540285,1,Orta
66,446,bireysel,329,0.7376681614349776,88.19506726457399,2,Esnek
67,77,bireysel,72,0.935064935064935,69.54545454545455,2,Esnek
68,219,bireysel,183,0.8356164383561644,109.48858447488584,2,Esnek
69,2541,KOBİ,669,0.2632821723730815,95.86816214088941,0,Esnek Değil
70,164,bireysel,145,0.8841463414634146,64.84146341463415,2,Esnek
71,124,bireysel,113,0.9112903225806451,129.2258064516129,2,Esnek
72,396,bireysel,289,0.7297979797979798,82.53535353535354,2,Esnek
73,12328,kurumsal,703,0.057024659312134976,88.17091174561973,0,Esnek Değil
74,191,bireysel,161,0.8429319371727748,82.41361256544502,2,Esnek
75,736,bireysel,439,0.5964673913043478,79.9633152173913,1,Orta
76,1063,KOBİ,537,0.5051740357478833,87.50705550329256,1,Orta
77,195,bireysel,168,0.8615384615384616,90.9948717948718,2,Esnek
78,901,KOBİ,495,0.5493895671476138,90.07991120976692,1,Orta
79,252,bireysel,210,0.8333333333333334,106.92857142857143,2,Esnek
80,664,bireysel,414,0.6234939759036144,95.125,1,Orta
81,614,bireysel,393,0.6400651465798045,94.00977198697069,1,Orta
82,514,bireysel,352,0.6848249027237354,88.58560311284047,1,Orta
83,110,bireysel,104,0.9454545454545454,122.61818181818182,2,Esnek
84,1555,KOBİ,599,0.3852090032154341,87.40450160771704,0,Esnek Değil
85,221,bireysel,187,0.8461538461538461,71.96832579185521,2,Esnek
86,188,bireysel,160,0.851063829787234,105.36170212765957,2,Esnek
87,75,bireysel,70,0.9333333333333333,66.2,2,Esnek
88,597,bireysel,379,0.6348408710217756,99.00837520938023,1,Orta
89,771,bireysel,444,0.5758754863813229,95.71206225680933,1,Orta
90,66,bireysel,62,0.9393939393939394,118.22727272727273,2,Esnek
91,456,bireysel,335,0.7346491228070176,96.67543859649123,2,Esnek
92,171,bireysel,150,0.8771929824561403,74.90643274853801,2,Esnek
93,641,bireysel,403,0.6287051482059283,88.9188767550702,1,Orta
94,152,bireysel,133,0.875,89.40789473684211,2,Esnek
95,804,bireysel,460,0.572139303482587,88.70149253731343,1,Orta
96,303,bireysel,233,0.768976897689769,92.86468646864687,2,Esnek
97,4066,kurumsal,692,0.17019183472700442,92.35587801278898,0,Esnek Değil
98,111,bireysel,106,0.954954954954955,108.57657657657657,2,Esnek
99,292,bireysel,229,0.7842465753424658,97.87671232876713,2,Esnek
100,136,bireysel,123,0.9044117647058824,92.00735294117646,2,Esnek
101,3690,kurumsal,689,0.1867208672086721,88.77371273712737,0,Esnek Değil
102,1986,KOBİ,649,0.32678751258811684,90.01863041289023,0,Esnek Değil
103,182,bireysel,158,0.8681318681318682,115.37912087912088,2,Esnek
104,719,bireysel,430,0.5980528511821975,93.17246175243393,1,Orta
105,1421,KOBİ,580,0.40816326530612246,93.3926812104152,1,Orta
106,536,bireysel,362,0.6753731343283582,95.11753731343283,1,Orta
107,482,bireysel,333,0.6908713692946058,91.70746887966806,1,Orta
108,170,bireysel,151,0.888235294117647,94.21764705882353,2,Esnek
109,109,bireysel,98,0.8990825688073395,96.55045871559633,2,Esnek
110,2304,KOBİ,663,0.2877604166666667,84.63845486111111,0,Esnek Değil
111,2351,KOBİ,656,0.27903019991492983,85.32709485325394,0,Esnek Değil
112,642,bireysel,404,0.6292834890965732,78.17289719626169,1,Orta
113,251,bireysel,207,0.8247011952191236,82.50597609561753,2,Esnek
114,264,bireysel,217,0.821969696969697,77.71969696969697,2,Esnek
115,925,KOBİ,487,0.5264864864864864,88.9481081081081,1,Orta
116,2320,KOBİ,647,0.2788793103448276,97.56896551724138,0,Esnek Değil
117,2142,KOBİ,660,0.3081232492997199,97.74789915966386,0,Esnek Değil
118,1205,KOBİ,560,0.46473029045643155,95.32614107883818,1,Orta
119,657,bireysel,420,0.639269406392694,67.32420091324201,1,Orta
120,93,bireysel,84,0.9032258064516129,86.94623655913979,2,Esnek
121,142,bireysel,127,0.8943661971830986,69.83098591549296,2,Esnek
122,2296,KOBİ,661,0.28789198606271776,92.05923344947735,0,Esnek Değil
123,604,bireysel,385,0.6374172185430463,81.78311258278146,1,Orta
124,51,bireysel,50,0.9803921568627451,144.19607843137254,2,Esnek
125,120,bireysel,112,0.9333333333333333,59.708333333333336,2,Esnek
126,723,bireysel,451,0.623789764868603,83.13969571230982,1,Orta
127,73,bireysel,70,0.958904109589041,88.57534246575342,2,Esnek
128,155,bireysel,132,0.8516129032258064,94.38064516129032,2,Esnek
129,499,bireysel,345,0.6913827655310621,98.45290581162325,1,Orta
130,806,bireysel,466,0.5781637717121588,94.1166253101737,1,Orta
131,684,bireysel,419,0.6125730994152047,95.88450292397661,1,Orta
132,190,bireysel,162,0.8526315789473684,62.54736842105263,2,Esnek
133,920,KOBİ,490,0.532608695652174,101.53369565217392,1,Orta
134,170,bireysel,145,0.8529411764705882,80.78823529411764,2,Esnek
135,238,bireysel,205,0.8613445378151261,67.60084033613445,2,Esnek
136,975,KOBİ,497,0.5097435897435898,95.90564102564103,1,Orta
137,672,bireysel,420,0.625,84.05357142857143,1,Orta
138,1633,KOBİ,610,0.3735456215554195,87.53888548683405,0,Esnek Değil
139,729,bireysel,437,0.5994513031550068,98.9272976680384,1,Orta
140,509,bireysel,351,0.6895874263261297,97.19646365422396,1,Orta
141,92,bireysel,90,0.9782608695652174,97.1195652173913,2,Esnek
142,276,bireysel,219,0.7934782608695652,102.73550724637681,2,Esnek
143,217,bireysel,189,0.8709677419354839,64.83870967741936,2,Esnek
144,185,bireysel,159,0.8594594594594595,82.95675675675676,2,Esnek
145,7911,kurumsal,703,0.0888636076349387,94.7557830868411,0,Esnek Değil
146,305,bireysel,241,0.7901639344262295,97.60655737704919,2,Esnek
147,2198,KOBİ,651,0.2961783439490446,85.53594176524113,0,Esnek Değil
148,710,bireysel,429,0.604225352112676,91.34225352112676,1,Orta
149,1232,KOBİ,544,0.44155844155844154,88.13798701298701,1,Orta
150,415,bireysel,306,0.7373493975903614,109.36385542168675,2,Esnek
151,554,bireysel,363,0.6552346570397112,96.68231046931407,1,Orta
152,462,bireysel,329,0.7121212121212122,99.92424242424242,2,Esnek
153,137,bireysel,125,0.9124087591240876,80.2992700729927,2,Esnek
154,929,KOBİ,512,0.5511302475780409,88.96555435952638,1,Orta
155,209,bireysel,176,0.8421052631578947,60.229665071770334,2,Esnek
156,64,bireysel,60,0.9375,128.921875,2,Esnek
157,659,bireysel,417,0.6327769347496206,79.35204855842186,1,Orta
158,168,bireysel,147,0.875,68.56547619047619,2,Esnek
159,4295,kurumsal,693,0.16135040745052387,98.23399301513388,0,Esnek Değil
160,5439,kurumsal,701,0.12888398602684317,93.39345467916897,0,Esnek Değil
161,2667,KOBİ,680,0.254968128983877,93.49756280464942,0,Esnek Değil
162,259,bireysel,206,0.7953667953667953,100.01544401544402,2,Esnek
163,69,bireysel,65,0.9420289855072463,61.289855072463766,2,Esnek
164,3828,kurumsal,690,0.18025078369905956,93.06583072100314,0,Esnek Değil
165,354,bireysel,267,0.7542372881355932,106.01977401129943,2,Esnek
166,6754,kurumsal,703,0.10408646727864969,97.03375777317146,0,Esnek Değil
167,6374,kurumsal,702,0.11013492312519611,96.06369626608095,0,Esnek Değil
168,1679,KOBİ,616,0.36688505062537224,92.86599166170339,0,Esnek Değil
169,200,bireysel,168,0.84,167.065,2,Esnek
170,306,bireysel,243,0.7941176470588235,76.84640522875817,2,Esnek
171,1655,KOBİ,608,0.36737160120845924,86.9570996978852,0,Esnek Değil
172,251,bireysel,201,0.8007968127490039,64.9003984063745,2,Esnek
173,132,bireysel,120,0.9090909090909091,100.72727272727273,2,Esnek
174,481,bireysel,334,0.6943866943866944,95.32016632016632,1,Orta
175,4165,kurumsal,696,0.16710684273709484,92.56446578631453,0,Esnek Değil
176,836,bireysel,465,0.55622009569378,93.6555023923445,1,Orta
177,514,bireysel,340,0.6614785992217899,90.40272373540856,1,Orta
178,115,bireysel,106,0.9217391304347826,66.0,2,Esnek
179,561,bireysel,379,0.6755793226381461,84.59893048128342,1,Orta
180,16239,kurumsal,703,0.043290843032206414,91.27495535439374,0,Esnek Değil
181,127,bireysel,115,0.905511811023622,107.75590551181102,2,Esnek
182,498,bireysel,354,0.7108433734939759,86.11044176706827,2,Esnek
183,2062,KOBİ,642,0.3113482056256062,95.3278370514064,0,Esnek Değil
184,1027,KOBİ,503,0.48977604673807207,86.21811100292113,1,Orta
185,808,KOBİ,473,0.5853960396039604,83.55816831683168,1,Orta
186,811,KOBİ,462,0.5696670776818742,86.45006165228114,1,Orta
187,272,bireysel,222,0.8161764705882353,81.66911764705883,2,Esnek
188,240,bireysel,195,0.8125,98.24166666666666,2,Esnek
189,1373,KOBİ,577,0.4202476329206118,101.22505462490896,1,Orta
190,1334,KOBİ,580,0.43478260869565216,87.54122938530735,1,Orta
191,1872,KOBİ,629,0.33600427350427353,91.05395299145299,0,Esnek Değil
192,2465,KOBİ,662,0.26855983772819475,90.51805273833672,0,Esnek Değil
193,440,bireysel,310,0.7045454545454546,90.20681818181818,2,Esnek
194,447,bireysel,331,0.7404921700223713,107.62192393736018,2,Esnek
195,1282,KOBİ,570,0.44461778471138846,77.47035881435258,1,Orta
196,726,bireysel,430,0.5922865013774105,104.2534435261708,1,Orta
197,793,KOBİ,447,0.5636822194199244,103.4186633039092,1,Orta
198,1181,KOBİ,545,0.46147332768839966,92.63928873835732,1,Orta
199,2157,KOBİ,643,0.29809921186833566,91.07371349095966,0,Esnek Değil
200,255,bireysel,209,0.8196078431372549,83.84705882352941,2,Esnek
201,286,bireysel,231,0.8076923076923077,136.36363636363637,2,Esnek
202,92,bireysel,84,0.9130434782608695,55.26086956521739,2,Esnek
203,539,bireysel,366,0.6790352504638218,101.85714285714286,1,Orta
204,70,bireysel,67,0.9571428571428572,68.8,2,Esnek
205,387,bireysel,286,0.7390180878552972,89.60206718346254,2,Esnek
206,513,bireysel,363,0.7076023391812866,105.88109161793372,2,Esnek
207,226,bireysel,194,0.8584070796460177,105.88938053097345,2,Esnek
208,604,bireysel,375,0.6208609271523179,77.1158940397351,1,Orta
209,77,bireysel,72,0.935064935064935,71.45454545454545,2,Esnek
210,81,bireysel,77,0.9506172839506173,61.111111111111114,2,Esnek
211,1450,KOBİ,590,0.4068965517241379,101.19586206896551,1,Orta
212,257,bireysel,199,0.77431906614786,118.55252918287938,2,Esnek
213,125,bireysel,114,0.912,68.376,2,Esnek
214,464,bireysel,345,0.7435344827586207,75.79310344827586,2,Esnek
215,1196,KOBİ,549,0.4590301003344482,99.17809364548495,1,Orta
216,165,bireysel,142,0.8606060606060606,95.2060606060606,2,Esnek
217,684,bireysel,412,0.6023391812865497,86.1608187134503,1,Orta
218,114,bireysel,101,0.8859649122807017,69.24561403508773,2,Esnek
219,80,bireysel,72,0.9,163.6375,2,Esnek
220,508,bireysel,340,0.6692913385826772,100.25393700787401,1,Orta
221,477,bireysel,337,0.7064989517819706,83.83857442348008,2,Esnek
222,694,bireysel,412,0.5936599423631124,83.87608069164266,1,Orta
223,912,KOBİ,492,0.5394736842105263,77.76315789473684,1,Orta
224,8398,kurumsal,702,0.08359133126934984,87.18135270302453,0,Esnek Değil
225,412,bireysel,312,0.7572815533980582,66.13349514563107,2,Esnek
226,261,bireysel,218,0.8352490421455939,72.97318007662835,2,Esnek
227,1269,KOBİ,557,0.4389282899921198,86.5665878644602,1,Orta
228,200,bireysel,175,0.875,69.16,2,Esnek
229,380,bireysel,288,0.7578947368421053,62.497368421052634,2,Esnek
230,118,bireysel,109,0.923728813559322,110.73728813559322,2,Esnek
231,70,bireysel,64,0.9142857142857143,71.62857142857143,2,Esnek
232,6164,kurumsal,698,0.11323815704088254,99.10463984425698,0,Esnek Değil
233,1469,KOBİ,583,0.39686861810755614,100.49557522123894,0,Esnek Değil
234,824,bireysel,460,0.558252427184466,84.58373786407768,1,Orta
235,324,bireysel,248,0.7654320987654321,92.5,2,Esnek
236,159,bireysel,144,0.9056603773584906,94.0503144654088,2,Esnek
237,142,bireysel,126,0.8873239436619719,92.47183098591549,2,Esnek
238,203,bireysel,170,0.8374384236453202,67.65517241379311,2,Esnek
239,517,bireysel,360,0.6963249516441006,79.31528046421663,1,Orta
240,907,KOBİ,496,0.5468577728776185,114.74641675854465,1,Orta
241,719,bireysel,452,0.6286509040333796,90.32962447844228,1,Orta
242,230,bireysel,192,0.8347826086956521,95.33478260869565,2,Esnek
243,5368,kurumsal,699,0.13021609538002982,89.43889716840536,0,Esnek Değil
244,968,KOBİ,504,0.5206611570247934,96.62293388429752,1,Orta
245,509,bireysel,350,0.68762278978389,61.2573673870334,1,Orta
246,620,bireysel,396,0.6387096774193548,101.86774193548388,1,Orta
247,342,bireysel,265,0.7748538011695907,104.55555555555556,2,Esnek
248,190,bireysel,161,0.8473684210526315,54.28947368421053,2,Esnek
249,274,bireysel,219,0.7992700729927007,98.65328467153284,2,Esnek
250,1101,KOBİ,525,0.4768392370572207,98.9891008174387,1,Orta
251,76,bireysel,69,0.9078947368421053,93.32894736842105,2,Esnek
252,117,bireysel,106,0.905982905982906,167.14529914529913,2,Esnek
253,67,bireysel,61,0.9104477611940298,75.34328358208955,2,Esnek
254,77,bireysel,76,0.987012987012987,94.27272727272727,2,Esnek
255,1722,KOBİ,609,0.35365853658536583,103.28455284552845,0,Esnek Değil
256,804,KOBİ,453,0.5634328358208955,66.79850746268657,1,Orta
257,395,bireysel,294,0.7443037974683544,93.20253164556962,2,Esnek
258,107,bireysel,99,0.9252336448598131,95.0,2,Esnek
259,437,bireysel,323,0.7391304347826086,93.64988558352402,2,Esnek
260,393,bireysel,303,0.7709923664122137,102.11959287531806,2,Esnek
261,165,bireysel,140,0.8484848484848485,123.12121212121212,2,Esnek
262,343,bireysel,255,0.7434402332361516,70.68513119533527,2,Esnek
263,320,bireysel,258,0.80625,68.925,2,Esnek
264,651,bireysel,408,0.6267281105990783,106.25652841781874,1,Orta
265,676,bireysel,426,0.6301775147928994,73.51627218934911,1,Orta
266,91,bireysel,88,0.967032967032967,85.82417582417582,2,Esnek
267,268,bireysel,221,0.8246268656716418,88.59328358208955,2,Esnek
268,617,bireysel,401,0.6499189627228525,95.50567260940032,1,Orta
269,452,bireysel,319,0.7057522123893806,75.28539823008849,2,Esnek
270,1695,KOBİ,614,0.36224188790560474,91.18407079646018,0,Esnek Değil
271,724,bireysel,432,0.5966850828729282,82.63812154696133,1,Orta
272,128,bireysel,111,0.8671875,94.578125,2,Esnek
273,99,bireysel,94,0.9494949494949495,98.70707070707071,2,Esnek
274,661,bireysel,423,0.6399394856278366,94.9198184568835,1,Orta
275,75,bireysel,67,0.8933333333333333,139.42666666666668,2,Esnek
276,561,bireysel,379,0.6755793226381461,81.35115864527629,1,Orta
277,4280,kurumsal,689,0.16098130841121494,88.33598130841122,0,Esnek Değil
278,503,bireysel,362,0.7196819085487077,104.80715705765408,2,Esnek
279,298,bireysel,236,0.7919463087248322,106.80872483221476,2,Esnek
280,707,bireysel,438,0.6195190947666195,102.63507779349364,1,Orta
281,342,bireysel,252,0.7368421052631579,74.36549707602339,2,Esnek
282,522,bireysel,344,0.6590038314176245,103.8984674329502,1,Orta
283,4396,kurumsal,698,0.15878070973612374,97.58735213830755,0,Esnek Değil
284,311,bireysel,255,0.819935691318328,89.60771704180064,2,Esnek
285,6165,kurumsal,701,0.11370640713706408,86.23811841038119,0,Esnek Değil
286,2436,KOBİ,660,0.270935960591133,86.22824302134647,0,Esnek Değil
287,151,bireysel,129,0.8543046357615894,93.99337748344371,2,Esnek
288,91,bireysel,89,0.978021978021978,130.52747252747253,2,Esnek
289,109,bireysel,100,0.9174311926605505,95.1559633027523,2,Esnek
290,58,bireysel,56,0.9655172413793104,113.93103448275862,2,Esnek
291,91,bireysel,84,0.9230769230769231,73.93406593406593,2,Esnek
292,824,bireysel,452,0.5485436893203883,105.7621359223301,1,Orta
293,102,bireysel,93,0.9117647058823529,97.0,2,Esnek
294,237,bireysel,200,0.8438818565400844,126.13924050632912,2,Esnek
295,1637,KOBİ,607,0.37080024434941966,104.25595601710445,0,Esnek Değil
296,74,bireysel,71,0.9594594594594594,114.35135135135135,2,Esnek
297,1340,KOBİ,578,0.43134328358208956,89.89477611940299,1,Orta
298,215,bireysel,184,0.8558139534883721,80.2,2,Esnek
299,109,bireysel,105,0.963302752293578,133.27522935779817,2,Esnek
300,787,KOBİ,456,0.579415501905972,103.75222363405337,1,Orta
301,639,bireysel,422,0.6604068857589984,90.97652582159624,1,Orta
302,1984,KOBİ,645,0.3251008064516129,93.6350806451613,0,Esnek Değil
303,949,KOBİ,507,0.5342465753424658,97.4868282402529,1,Orta
304,1311,KOBİ,568,0.43325705568268497,95.24561403508773,1,Orta
305,241,bireysel,191,0.7925311203319502,107.72614107883817,2,Esnek
306,168,bireysel,155,0.9226190476190477,73.50595238095238,2,Esnek
307,1038,KOBİ,506,0.48747591522157996,92.1859344894027,1,Orta
308,1334,KOBİ,577,0.4325337331334333,92.84332833583208,1,Orta
309,16617,kurumsal,703,0.042306072094842634,89.6341096467473,0,Esnek Değil
310,270,bireysel,215,0.7962962962962963,45.24074074074074,2,Esnek
311,285,bireysel,229,0.8035087719298246,56.189473684210526,2,Esnek
312,1110,KOBİ,529,0.4765765765765766,104.76846846846847,1,Orta
313,275,bireysel,236,0.8581818181818182,95.32363636363637,2,Esnek
314,3824,kurumsal,695,0.1817468619246862,79.08028242677824,0,Esnek Değil
315,1812,KOBİ,631,0.34823399558498896,79.37748344370861,0,Esnek Değil
316,342,bireysel,257,0.7514619883040936,107.91812865497076,2,Esnek
317,1034,KOBİ,525,0.5077369439071566,94.94970986460348,1,Orta
318,1051,KOBİ,522,0.4966698382492864,80.73453853472883,1,Orta
319,95,bireysel,86,0.9052631578947369,123.72631578947369,2,Esnek
320,2368,KOBİ,658,0.2778716216216216,91.60979729729729,0,Esnek Değil
321,442,bireysel,310,0.7013574660633484,68.31447963800905,2,Esnek
322,1425,KOBİ,579,0.4063157894736842,94.60912280701754,1,Orta
323,254,bireysel,213,0.8385826771653543,90.25196850393701,2,Esnek
324,2271,KOBİ,657,0.2892998678996037,87.29898723029503,0,Esnek Değil
325,305,bireysel,245,0.8032786885245902,105.43606557377049,2,Esnek
326,61,bireysel,59,0.9672131147540983,117.70491803278688,2,Esnek
327,2489,KOBİ,650,0.2611490558457212,99.53113700281237,0,Esnek Değil
328,100,bireysel,91,0.91,118.13,2,Esnek
329,253,bireysel,215,0.849802371541502,79.53754940711462,2,Esnek
330,5037,kurumsal,700,0.13897161008536826,87.96287472702005,0,Esnek Değil
331,5076,kurumsal,699,0.13770685579196218,92.07249802994484,0,Esnek Değil
332,520,bireysel,345,0.6634615384615384,74.92115384615384,1,Orta
333,609,bireysel,398,0.6535303776683087,75.79474548440065,1,Orta
334,371,bireysel,283,0.7628032345013477,100.52291105121294,2,Esnek
335,219,bireysel,176,0.8036529680365296,76.2648401826484,2,Esnek
336,252,bireysel,203,0.8055555555555556,118.47222222222223,2,Esnek
337,755,bireysel,462,0.6119205298013245,69.76158940397352,1,Orta
338,1028,KOBİ,522,0.5077821011673151,109.74513618677042,1,Orta
339,1222,KOBİ,557,0.455810147299509,81.27577741407529,1,Orta
340,1238,KOBİ,559,0.45153473344103395,95.90549273021001,1,Orta
341,125,bireysel,109,0.872,93.976,2,Esnek
342,426,bireysel,302,0.7089201877934272,81.19483568075117,2,Esnek
343,80,bireysel,76,0.95,82.425,2,Esnek
344,520,bireysel,356,0.6846153846153846,94.27307692307693,1,Orta
345,337,bireysel,264,0.7833827893175074,85.33531157270029,2,Esnek
346,2081,KOBİ,646,0.3104276790004805,98.74915905814512,0,Esnek Değil
347,286,bireysel,238,0.8321678321678322,111.33916083916084,2,Esnek
348,117,bireysel,105,0.8974358974358975,111.06837606837607,2,Esnek
349,126,bireysel,111,0.8809523809523809,139.35714285714286,2,Esnek
350,1009,KOBİ,512,0.5074331020812686,95.99108027750248,1,Orta
351,572,bireysel,361,0.6311188811188811,92.09265734265735,1,Orta
352,95,bireysel,90,0.9473684210526315,94.43157894736842,2,Esnek
353,98,bireysel,91,0.9285714285714286,82.95918367346938,2,Esnek
354,857,KOBİ,475,0.5542590431738623,74.73278879813303,1,Orta
355,81,bireysel,79,0.9753086419753086,122.4074074074074,2,Esnek
356,1348,KOBİ,587,0.435459940652819,87.5860534124629,1,Orta
357,858,KOBİ,476,0.5547785547785548,96.10955710955712,1,Orta
358,102,bireysel,98,0.9607843137254902,101.94117647058823,2,Esnek
359,97,bireysel,84,0.865979381443299,89.75257731958763,2,Esnek
360,13046,kurumsal,703,0.05388624865859267,93.11566763759006,0,Esnek Değil
361,265,bireysel,224,0.8452830188679246,60.22264150943396,2,Esnek
362,272,bireysel,232,0.8529411764705882,141.27205882352942,2,Esnek
363,1411,KOBİ,585,0.4145995747696669,89.96456413890857,1,Orta
364,4867,kurumsal,700,0.14382576535853708,97.64721594411341,0,Esnek Değil
365,12713,kurumsal,703,0.05529772673641155,86.70274522142688,0,Esnek Değil
366,1093,KOBİ,540,0.4940530649588289,95.30924062214089,1,Orta
367,314,bireysel,246,0.7834394904458599,87.95859872611464,2,Esnek
368,102,bireysel,96,0.9411764705882353,47.19607843137255,2,Esnek
369,1129,KOBİ,540,0.4782993799822852,110.83790965456156,1,Orta
370,526,bireysel,372,0.7072243346007605,76.23384030418251,2,Esnek
371,345,bireysel,260,0.7536231884057971,97.59710144927536,2,Esnek
372,2468,KOBİ,664,0.26904376012965964,85.7228525121556,0,Esnek Değil
373,115,bireysel,107,0.9304347826086956,67.31304347826087,2,Esnek
374,404,bireysel,305,0.754950495049505,77.5990099009901,2,Esnek
375,76,bireysel,73,0.9605263157894737,69.69736842105263,2,Esnek
376,388,bireysel,296,0.7628865979381443,130.8737113402062,2,Esnek
377,95,bireysel,84,0.8842105263157894,95.52631578947368,2,Esnek
378,126,bireysel,113,0.8968253968253969,114.01587301587301,2,Esnek
379,115,bireysel,106,0.9217391304347826,82.23478260869565,2,Esnek
380,699,bireysel,415,0.5937052932761088,81.49785407725322,1,Orta
381,1030,KOBİ,538,0.5223300970873787,86.80679611650486,1,Orta
382,525,bireysel,350,0.6666666666666666,90.52571428571429,1,Orta
383,6124,kurumsal,701,0.11446766819072501,90.29114957544088,0,Esnek Değil
384,294,bireysel,236,0.8027210884353742,81.53401360544218,2,Esnek
385,225,bireysel,190,0.8444444444444444,71.37777777777778,2,Esnek
386,1908,KOBİ,634,0.33228511530398325,80.08228511530399,0,Esnek Değil
387,183,bireysel,162,0.8852459016393442,104.36065573770492,2,Esnek
388,6282,kurumsal,703,0.11190703597580388,91.79560649474689,0,Esnek Değil
389,65,bireysel,64,0.9846153846153847,93.24615384615385,2,Esnek
390,7299,kurumsal,702,0.09617755856966707,91.55487053020961,0,Esnek Değil
391,95,bireysel,92,0.968421052631579,94.05263157894737,2,Esnek
392,2194,KOBİ,649,0.29580674567000914,85.03691886964448,0,Esnek Değil
393,535,bireysel,365,0.6822429906542056,102.25046728971962,1,Orta
394,20200,kurumsal,703,0.034801980198019805,93.50376237623762,0,Esnek Değil
395,99,bireysel,92,0.9292929292929293,53.696969696969695,2,Esnek
396,488,bireysel,346,0.7090163934426229,83.04713114754098,2,Esnek
397,7009,kurumsal,701,0.10001426737052362,84.17448994150378,0,Esnek Değil
398,430,bireysel,307,0.713953488372093,88.33720930232558,2,Esnek
399,638,bireysel,395,0.6191222570532915,101.86206896551724,1,Orta
400,827,bireysel,475,0.5743651753325272,98.09915356711004,1,Orta
401,353,bireysel,266,0.7535410764872521,62.6628895184136,2,Esnek
402,627,bireysel,404,0.6443381180223285,64.11004784688996,1,Orta
403,519,bireysel,350,0.674373795761079,117.39884393063583,1,Orta
404,2432,KOBİ,673,0.2767269736842105,98.36800986842105,0,Esnek Değil
405,79,bireysel,75,0.9493670886075949,114.43037974683544,2,Esnek
406,198,bireysel,174,0.8787878787878788,104.78787878787878,2,Esnek
407,5092,kurumsal,699,0.137274155538099,94.31657501963865,0,Esnek Değil
408,2207,KOBİ,669,0.3031264159492524,72.76937018577254,0,Esnek Değil
409,365,bireysel,276,0.7561643835616438,72.4986301369863,2,Esnek
410,622,bireysel,397,0.6382636655948553,100.10128617363344,1,Orta
411,221,bireysel,184,0.832579185520362,62.23981900452489,2,Esnek
412,143,bireysel,131,0.916083916083916,102.91608391608392,2,Esnek
413,367,bireysel,276,0.7520435967302452,99.39782016348774,2,Esnek
414,296,bireysel,245,0.8277027027027027,85.47972972972973,2,Esnek
415,536,bireysel,359,0.6697761194029851,76.3526119402985,1,Orta
416,91,bireysel,83,0.9120879120879121,83.48351648351648,2,Esnek
417,8304,kurumsal,703,0.08465799614643545,90.38752408477842,0,Esnek Değil
418,12697,kurumsal,703,0.055367409624320706,94.75907694731039,0,Esnek Değil
419,835,KOBİ,468,0.5604790419161677,96.50538922155688,1,Orta
420,490,bireysel,355,0.7244897959183674,107.39795918367346,2,Esnek
421,232,bireysel,193,0.8318965517241379,106.84913793103448,2,Esnek
422,1336,KOBİ,578,0.43263473053892215,83.73353293413173,1,Orta
423,799,bireysel,454,0.5682102628285357,92.54443053817272,1,Orta
424,158,bireysel,139,0.879746835443038,86.48101265822785,2,Esnek
425,2505,KOBİ,677,0.27025948103792413,87.48622754491018,0,Esnek Değil
426,1461,KOBİ,584,0.3997262149212868,83.22450376454483,0,Esnek Değil
427,4948,kurumsal,697,0.1408649959579628,92.50808407437349,0,Esnek Değil
428,952,KOBİ,513,0.5388655462184874,98.23949579831933,1,Orta
429,610,bireysel,389,0.6377049180327868,94.30655737704917,1,Orta
430,312,bireysel,244,0.782051282051282,79.05128205128206,2,Esnek
431,4028,kurumsal,694,0.17229394240317775,86.65988083416087,0,Esnek Değil
432,1896,KOBİ,637,0.3359704641350211,84.6882911392405,0,Esnek Değil
433,85,bireysel,82,0.9647058823529412,101.01176470588236,2,Esnek
434,84,bireysel,82,0.9761904761904762,65.46428571428571,2,Esnek
435,295,bireysel,234,0.7932203389830509,89.56610169491526,2,Esnek
436,1365,KOBİ,572,0.41904761904761906,86.05934065934066,1,Orta
437,13629,kurumsal,703,0.05158118717440752,92.26876513317191,0,Esnek Değil
438,139,bireysel,125,0.8992805755395683,98.9568345323741,2,Esnek
439,553,bireysel,374,0.6763110307414105,65.72694394213381,1,Orta
440,296,bireysel,242,0.8175675675675675,93.5608108108108,2,Esnek
441,7179,kurumsal,703,0.09792450201977991,90.84176069090402,0,Esnek Değil
442,1540,KOBİ,603,0.39155844155844155,95.24675324675324,0,Esnek Değil
443,1549,KOBİ,612,0.395093608779858,82.85797288573274,0,Esnek Değil
444,400,bireysel,296,0.74,95.1825,2,Esnek
445,303,bireysel,240,0.7920792079207921,82.96369636963696,2,Esnek
446,228,bireysel,188,0.8245614035087719,77.75,2,Esnek
447,95,bireysel,86,0.9052631578947369,86.50526315789473,2,Esnek
448,1850,KOBİ,631,0.3410810810810811,88.52486486486487,0,Esnek Değil
449,1310,KOBİ,590,0.45038167938931295,88.12824427480916,1,Orta
450,179263,kurumsal,703,0.003921612379576377,90.96596062768111,0,Esnek Değil
451,33296,kurumsal,703,0.021113647284959153,89.17858000961077,0,Esnek Değil
452,523,bireysel,364,0.6959847036328872,128.63097514340345,1,Orta
453,1124,KOBİ,545,0.48487544483985767,86.05071174377224,1,Orta
454,4595,kurumsal,691,0.15038084874863983,87.0918389553863,0,Esnek Değil
455,1637,KOBİ,623,0.3805742211362248,91.37690897984118,0,Esnek Değil
456,193,bireysel,163,0.844559585492228,76.02072538860104,2,Esnek
457,363,bireysel,285,0.7851239669421488,76.37465564738292,2,Esnek
458,127,bireysel,113,0.889763779527559,63.1496062992126,2,Esnek
459,5361,kurumsal,699,0.13038612199216565,91.82988248461108,0,Esnek Değil
460,585,bireysel,383,0.6547008547008547,74.62735042735042,1,Orta
461,178,bireysel,154,0.8651685393258427,93.87078651685393,2,Esnek
462,738,bireysel,432,0.5853658536585366,84.19647696476964,1,Orta
463,633,bireysel,394,0.6224328593996841,104.04897314375988,1,Orta
464,282,bireysel,227,0.8049645390070922,81.7517730496454,2,Esnek
465,117,bireysel,107,0.9145299145299145,91.76068376068376,2,Esnek
466,737,bireysel,454,0.6160108548168249,96.92265943012211,1,Orta
467,471,bireysel,333,0.7070063694267515,100.1656050955414,2,Esnek
468,1170,KOBİ,543,0.4641025641025641,67.34358974358975,1,Orta
469,453,bireysel,331,0.7306843267108167,103.46136865342163,2,Esnek
470,1676,KOBİ,602,0.35918854415274465,78.08949880668258,0,Esnek Değil
471,516,bireysel,358,0.6937984496124031,83.08527131782945,1,Orta
472,508,bireysel,345,0.6791338582677166,85.04133858267717,1,Orta
473,2078,KOBİ,638,0.3070259865255053,87.53561116458133,0,Esnek Değil
474,323,bireysel,247,0.7647058823529411,60.59752321981424,2,Esnek
475,139,bireysel,118,0.8489208633093526,111.28776978417267,2,Esnek
476,84,bireysel,82,0.9761904761904762,127.85714285714286,2,Esnek
477,1086,KOBİ,532,0.48987108655616945,90.30570902394106,1,Orta
478,640,bireysel,388,0.60625,104.8890625,1,Orta
479,894,KOBİ,488,0.5458612975391499,80.40715883668904,1,Orta
480,162,bireysel,143,0.8827160493827161,97.19753086419753,2,Esnek
481,132,bireysel,118,0.8939393939393939,53.36363636363637,2,Esnek
482,62,bireysel,59,0.9516129032258065,80.93548387096774,2,Esnek
483,259,bireysel,217,0.8378378378378378,80.85328185328186,2,Esnek
484,550,bireysel,373,0.6781818181818182,92.86181818181818,1,Orta
485,303,bireysel,251,0.8283828382838284,82.46204620462046,2,Esnek
486,331,bireysel,261,0.7885196374622356,94.49546827794562,2,Esnek
487,2444,KOBİ,662,0.27086743044189854,78.62888707037644,0,Esnek Değil
488,286,bireysel,234,0.8181818181818182,82.7972027972028,2,Esnek
489,444,bireysel,312,0.7027027027027027,78.05855855855856,2,Esnek
490,1095,KOBİ,530,0.4840182648401826,98.99543378995433,1,Orta
491,293,bireysel,235,0.8020477815699659,102.61433447098976,2,Esnek
492,678,bireysel,411,0.6061946902654868,122.33038348082596,1,Orta
493,1783,KOBİ,627,0.35165451486259114,80.1570386988222,0,Esnek Değil
494,4883,kurumsal,691,0.141511365963547,89.87323366782715,0,Esnek Değil
495,152,bireysel,128,0.8421052631578947,73.11842105263158,2,Esnek
496,3774,kurumsal,691,0.1830948595654478,97.71860095389508,0,Esnek Değil
497,416,bireysel,316,0.7596153846153846,115.28125,2,Esnek
498,162,bireysel,145,0.8950617283950617,66.96913580246914,2,Esnek
499,385,bireysel,291,0.7558441558441559,104.57922077922078,2,Esnek
500,9967,kurumsal,703,0.07053275810173573,89.88642520317046,0,Esnek Değil
501,456,bireysel,329,0.7214912280701754,93.24122807017544,2,Esnek
502,264,bireysel,217,0.821969696969697,78.55681818181819,2,Esnek
503,624,bireysel,387,0.6201923076923077,99.72596153846153,1,Orta
504,165,bireysel,143,0.8666666666666667,118.26666666666667,2,Esnek
505,96,bireysel,87,0.90625,63.6875,2,Esnek
506,118,bireysel,109,0.923728813559322,66.70338983050847,2,Esnek
507,136,bireysel,124,0.9117647058823529,84.44117647058823,2,Esnek
508,147,bireysel,130,0.8843537414965986,96.23809523809524,2,Esnek
509,122,bireysel,113,0.9262295081967213,95.68032786885246,2,Esnek
510,699,bireysel,429,0.6137339055793991,86.7310443490701,1,Orta
511,156,bireysel,145,0.9294871794871795,111.0,2,Esnek
512,245,bireysel,204,0.8326530612244898,70.17142857142858,2,Esnek
513,2272,KOBİ,659,0.29005281690140844,97.37852112676056,0,Esnek Değil
514,425,bireysel,312,0.7341176470588235,116.96705882352941,2,Esnek
515,760,bireysel,446,0.5868421052631579,81.34078947368421,1,Orta
516,156,bireysel,141,0.9038461538461539,81.86538461538461,2,Esnek
517,156,bireysel,141,0.9038461538461539,126.96153846153847,2,Esnek
518,78,bireysel,72,0.9230769230769231,141.42307692307693,2,Esnek
519,146,bireysel,131,0.8972602739726028,58.93835616438356,2,Esnek
520,206,bireysel,182,0.883495145631068,85.84466019417475,2,Esnek
521,143,bireysel,127,0.8881118881118881,63.68531468531469,2,Esnek
522,96,bireysel,89,0.9270833333333334,40.75,2,Esnek
523,98,bireysel,92,0.9387755102040817,110.16326530612245,2,Esnek
524,387,bireysel,284,0.7338501291989664,101.31266149870801,2,Esnek
525,155,bireysel,131,0.8451612903225807,100.96129032258065,2,Esnek
526,295,bireysel,245,0.8305084745762712,65.52203389830508,2,Esnek
527,464,bireysel,336,0.7241379310344828,78.06681034482759,2,Esnek
528,798,bireysel,455,0.5701754385964912,84.28696741854637,1,Orta
529,89,bireysel,83,0.9325842696629213,108.82022471910112,2,Esnek
530,1317,KOBİ,582,0.4419134396355353,90.11921032649963,1,Orta
531,652,bireysel,412,0.6319018404907976,87.82668711656441,1,Orta
532,107,bireysel,96,0.897196261682243,84.5233644859813,2,Esnek
533,1902,KOBİ,632,0.3322818086225026,87.1298633017876,0,Esnek Değil
534,2751,KOBİ,677,0.2460923300617957,82.23882224645584,0,Esnek Değil
535,85,bireysel,76,0.8941176470588236,121.16470588235295,2,Esnek
536,213,bireysel,174,0.8169014084507042,92.54460093896714,2,Esnek
537,1317,KOBİ,584,0.4434320425208808,86.40167046317389,1,Orta
538,1048,KOBİ,521,0.49713740458015265,81.7175572519084,1,Orta
539,132,bireysel,119,0.9015151515151515,92.98484848484848,2,Esnek
540,147,bireysel,129,0.8775510204081632,95.31972789115646,2,Esnek
541,298,bireysel,236,0.7919463087248322,98.35906040268456,2,Esnek
542,390,bireysel,288,0.7384615384615385,85.94871794871794,2,Esnek
543,572,bireysel,372,0.6503496503496503,112.59265734265735,1,Orta
544,266,bireysel,216,0.8120300751879699,97.08646616541354,2,Esnek
545,338,bireysel,264,0.7810650887573964,87.59171597633136,2,Esnek
546,983,KOBİ,537,0.5462868769074263,88.0030518819939,1,Orta
547,78,bireysel,74,0.9487179487179487,53.61538461538461,2,Esnek
548,196,bireysel,168,0.8571428571428571,101.14795918367346,2,Esnek
549,925,KOBİ,501,0.5416216216216216,84.57297297297298,1,Orta
550,2168,KOBİ,645,0.2975092250922509,92.99308118081181,0,Esnek Değil
551,395,bireysel,302,0.7645569620253164,80.49113924050633,2,Esnek
552,449,bireysel,318,0.7082405345211581,82.15367483296214,2,Esnek
553,90,bireysel,82,0.9111111111111111,152.83333333333334,2,Esnek
554,355,bireysel,273,0.7690140845070422,84.95492957746478,2,Esnek
555,492,bireysel,336,0.6829268292682927,90.49186991869918,1,Orta
556,207,bireysel,181,0.8743961352657005,80.76811594202898,2,Esnek
557,214,bireysel,174,0.8130841121495327,151.65420560747663,2,Esnek
558,295,bireysel,237,0.8033898305084746,79.1593220338983,2,Esnek
559,76,bireysel,71,0.9342105263157895,122.03947368421052,2,Esnek
560,222,bireysel,184,0.8288288288288288,94.41441441441441,2,Esnek
561,169,bireysel,152,0.8994082840236687,75.55621301775147,2,Esnek
562,250,bireysel,209,0.836,75.272,2,Esnek
563,117,bireysel,107,0.9145299145299145,85.04273504273505,2,Esnek
564,2213,KOBİ,651,0.29417080885675556,84.11929507455942,0,Esnek Değil
565,593,bireysel,383,0.6458684654300169,91.15345699831366,1,Orta
566,729,bireysel,436,0.598079561042524,90.18655692729767,1,Orta
567,1192,KOBİ,566,0.4748322147651007,95.33976510067114,1,Orta
568,455,bireysel,336,0.7384615384615385,79.45274725274726,2,Esnek
569,90,bireysel,83,0.9222222222222223,72.95555555555555,2,Esnek
570,454,bireysel,324,0.7136563876651982,91.42731277533039,2,Esnek
571,586,bireysel,374,0.6382252559726962,88.18259385665529,1,Orta
572,1003,KOBİ,522,0.5204386839481555,100.86241276171485,1,Orta
573,348,bireysel,280,0.8045977011494253,86.00574712643679,2,Esnek
574,115,bireysel,107,0.9304347826086956,65.24347826086957,2,Esnek
575,239,bireysel,189,0.7907949790794979,80.55230125523012,2,Esnek
576,307,bireysel,235,0.7654723127035831,98.40390879478828,2,Esnek
577,720,bireysel,443,0.6152777777777778,105.34027777777777,1,Orta
578,530,bireysel,361,0.6811320754716981,96.59622641509434,1,Orta
579,257,bireysel,224,0.8715953307392996,96.29571984435798,2,Esnek
580,13001,kurumsal,703,0.054072763633566646,94.4616567956311,0,Esnek Değil
581,602,bireysel,400,0.6644518272425249,84.57142857142857,1,Orta
582,207,bireysel,169,0.8164251207729468,85.14009661835749,2,Esnek
583,104,bireysel,96,0.9230769230769231,79.89423076923077,2,Esnek
584,121,bireysel,108,0.8925619834710744,54.02479338842975,2,Esnek
585,184,bireysel,161,0.875,81.69021739130434,2,Esnek
586,132,bireysel,115,0.8712121212121212,98.25757575757575,2,Esnek
587,168,bireysel,148,0.8809523809523809,154.11309523809524,2,Esnek
588,218,bireysel,178,0.8165137614678899,83.41743119266054,2,Esnek
589,157,bireysel,136,0.8662420382165605,54.452229299363054,2,Esnek
590,2271,KOBİ,651,0.2866578599735799,84.96036988110964,0,Esnek Değil
591,94,bireysel,92,0.9787234042553191,55.265957446808514,2,Esnek
592,473,bireysel,327,0.6913319238900634,98.15433403805497,1,Orta
593,337,bireysel,270,0.8011869436201781,62.845697329376854,2,Esnek
594,10818,kurumsal,703,0.06498428545017564,92.31114808652246,0,Esnek Değil
595,119,bireysel,109,0.9159663865546218,63.109243697478995,2,Esnek
596,307,bireysel,246,0.8013029315960912,82.50814332247558,2,Esnek
597,7335,kurumsal,703,0.09584185412406271,88.94996591683709,0,Esnek Değil
598,1846,KOBİ,619,0.33531960996749727,91.7762730227519,0,Esnek Değil
599,1473,KOBİ,590,0.40054310930074677,89.27834351663272,1,Orta
600,203,bireysel,164,0.8078817733990148,50.285714285714285,2,Esnek
601,126,bireysel,115,0.9126984126984127,94.38888888888889,2,Esnek
602,775,bireysel,445,0.5741935483870968,78.95354838709677,1,Orta
603,3787,kurumsal,689,0.1819382096646422,84.54607869025614,0,Esnek Değil
604,491,bireysel,336,0.6843177189409368,78.0040733197556,1,Orta
605,531,bireysel,363,0.6836158192090396,58.00188323917138,1,Orta
606,205,bireysel,168,0.8195121951219512,98.57560975609756,2,Esnek
607,1093,KOBİ,542,0.4958828911253431,92.34400731930467,1,Orta
608,128,bireysel,118,0.921875,85.0078125,2,Esnek
609,228,bireysel,197,0.8640350877192983,96.38157894736842,2,Esnek
610,343,bireysel,268,0.7813411078717201,101.29154518950438,2,Esnek
611,446,bireysel,328,0.7354260089686099,120.47085201793722,2,Esnek
612,194,bireysel,165,0.8505154639175257,100.31443298969072,2,Esnek
613,122,bireysel,107,0.8770491803278688,121.54918032786885,2,Esnek
614,630,bireysel,399,0.6333333333333333,102.61428571428571,1,Orta
615,248,bireysel,203,0.8185483870967742,136.7459677419355,2,Esnek
616,561,bireysel,386,0.6880570409982175,87.58823529411765,1,Orta
617,134,bireysel,122,0.9104477611940298,73.50746268656717,2,Esnek
618,411,bireysel,305,0.7420924574209246,93.42822384428224,2,Esnek
619,494,bireysel,360,0.728744939271255,78.03643724696356,2,Esnek
620,81,bireysel,73,0.9012345679012346,112.61728395061728,2,Esnek
621,276,bireysel,224,0.8115942028985508,94.93115942028986,2,Esnek
622,134,bireysel,123,0.917910447761194,110.86567164179104,2,Esnek
623,77,bireysel,73,0.948051948051948,80.01298701298701,2,Esnek
624,16145,kurumsal,703,0.043542892536388975,92.41238773614123,0,Esnek Değil
625,262,bireysel,217,0.8282442748091603,55.43511450381679,2,Esnek
626,1367,KOBİ,592,0.43306510607168985,79.01828822238478,1,Orta
627,214,bireysel,187,0.8738317757009346,99.07009345794393,2,Esnek
628,714,bireysel,429,0.6008403361344538,85.21008403361344,1,Orta
629,1036,KOBİ,521,0.502895752895753,79.64382239382239,1,Orta
630,586,bireysel,371,0.6331058020477816,96.80887372013652,1,Orta
631,372,bireysel,282,0.7580645161290323,92.68817204301075,2,Esnek
632,310,bireysel,237,0.7645161290322581,80.41935483870968,2,Esnek
633,230,bireysel,193,0.8391304347826087,83.43913043478261,2,Esnek
634,3896,kurumsal,692,0.17761806981519507,100.68198151950719,0,Esnek Değil
635,1503,KOBİ,593,0.39454424484364603,94.60545575515636,0,Esnek Değil
636,6536,kurumsal,701,0.10725214198286413,92.29620563035496,0,Esnek Değil
637,116,bireysel,103,0.8879310344827587,109.37068965517241,2,Esnek
638,946,KOBİ,487,0.514799154334038,92.9799154334038,1,Orta
639,4209,kurumsal,694,0.1648847707293894,86.54929912093134,0,Esnek Değil
640,141,bireysel,120,0.851063829787234,76.54609929078015,2,Esnek
641,79,bireysel,72,0.9113924050632911,141.43037974683546,2,Esnek
642,918,KOBİ,481,0.5239651416122004,94.8474945533769,1,Orta
643,556,bireysel,375,0.6744604316546763,93.87410071942446,1,Orta
644,1598,KOBİ,597,0.37359198998748433,94.75093867334168,0,Esnek Değil
645,119,bireysel,103,0.865546218487395,53.319327731092436,2,Esnek
646,1238,KOBİ,567,0.4579967689822294,83.23586429725364,1,Orta
647,172,bireysel,150,0.872093023255814,74.70930232558139,2,Esnek
648,137,bireysel,123,0.8978102189781022,71.47445255474453,2,Esnek
649,129,bireysel,114,0.8837209302325582,60.3875968992248,2,Esnek
650,1338,KOBİ,566,0.42301943198804187,102.13153961136024,1,Orta
651,784,bireysel,467,0.5956632653061225,73.10714285714286,1,Orta
652,505,bireysel,343,0.6792079207920793,62.605940594059405,1,Orta
653,302,bireysel,229,0.7582781456953642,81.71854304635761,2,Esnek
654,1973,KOBİ,630,0.3193106943740497,88.7932083122149,0,Esnek Değil
655,330,bireysel,254,0.7696969696969697,85.97575757575757,2,Esnek
656,1361,KOBİ,574,0.42174871418074944,90.75459221160911,1,Orta
657,370,bireysel,281,0.7594594594594595,81.8027027027027,2,Esnek
658,260,bireysel,217,0.8346153846153846,89.95,2,Esnek
659,403,bireysel,304,0.7543424317617866,71.0545905707196,2,Esnek
660,233,bireysel,197,0.8454935622317596,133.09871244635193,2,Esnek
661,1020,KOBİ,511,0.5009803921568627,98.70882352941176,1,Orta
662,424,bireysel,317,0.7476415094339622,96.97405660377359,2,Esnek
663,207,bireysel,170,0.821256038647343,64.91304347826087,2,Esnek
664,2258,KOBİ,647,0.2865367581930912,85.13906111603188,0,Esnek Değil
665,313,bireysel,249,0.7955271565495208,71.33865814696486,2,Esnek
666,509,bireysel,364,0.7151277013752456,82.09037328094303,2,Esnek
667,2483,KOBİ,657,0.26459927507047926,91.39267015706807,0,Esnek Değil
668,602,bireysel,380,0.6312292358803987,77.44518272425249,1,Orta
669,105,bireysel,95,0.9047619047619048,158.96190476190475,2,Esnek
670,4265,kurumsal,694,0.1627198124267292,100.92942555685815,0,Esnek Değil
671,673,bireysel,412,0.612184249628529,74.32392273402675,1,Orta
672,246,bireysel,212,0.8617886178861789,61.72764227642276,2,Esnek
673,130,bireysel,121,0.9307692307692308,83.78461538461538,2,Esnek
674,1257,KOBİ,560,0.44550517104216386,93.78281622911695,1,Orta
675,606,bireysel,402,0.6633663366336634,84.83498349834983,1,Orta
676,434,bireysel,306,0.7050691244239631,81.78110599078342,2,Esnek
677,2266,KOBİ,655,0.2890556045895852,84.10017652250662,0,Esnek Değil
678,1173,KOBİ,545,0.46462063086104005,90.02898550724638,1,Orta
679,133,bireysel,119,0.8947368421052632,91.36842105263158,2,Esnek
680,246,bireysel,205,0.8333333333333334,135.4268292682927,2,Esnek
681,178,bireysel,155,0.8707865168539326,82.08988764044943,2,Esnek
682,977,KOBİ,522,0.534288638689867,76.58444216990789,1,Orta
683,80,bireysel,76,0.95,82.9375,2,Esnek
684,481,bireysel,348,0.7234927234927235,73.71309771309771,2,Esnek
685,1089,KOBİ,535,0.49127640036730946,89.26997245179064,1,Orta
686,1899,KOBİ,638,0.3359662980516061,91.1032122169563,0,Esnek Değil
687,280,bireysel,229,0.8178571428571428,68.84642857142858,2,Esnek
688,1402,KOBİ,586,0.41797432239657634,89.47146932952924,1,Orta
689,107,bireysel,97,0.9065420560747663,46.67289719626168,2,Esnek
690,1621,KOBİ,603,0.37199259716224553,97.0203578038248,0,Esnek Değil
691,130,bireysel,120,0.9230769230769231,54.56153846153846,2,Esnek
692,311,bireysel,241,0.77491961414791,102.56913183279742,2,Esnek
693,1255,KOBİ,558,0.4446215139442231,93.98964143426295,1,Orta
694,129,bireysel,115,0.8914728682170543,80.02325581395348,2,Esnek
695,163,bireysel,140,0.8588957055214724,70.25153374233129,2,Esnek
696,938,KOBİ,498,0.5309168443496801,76.47228144989339,1,Orta
697,949,KOBİ,505,0.5321390937829295,90.46786090621707,1,Orta
698,701,bireysel,416,0.5934379457917262,92.19828815977175,1,Orta
699,839,bireysel,473,0.5637663885578069,105.37783075089392,1,Orta
700,497,bireysel,353,0.710261569416499,75.68209255533199,2,Esnek
701,205,bireysel,176,0.8585365853658536,86.15121951219513,2,Esnek
702,267,bireysel,212,0.7940074906367042,64.67790262172285,2,Esnek
703,132,bireysel,119,0.9015151515151515,103.71212121212122,2,Esnek
704,2554,KOBİ,660,0.25841816758026626,83.97650743931088,0,Esnek Değil
705,545,bireysel,372,0.6825688073394496,111.13761467889908,1,Orta
706,344,bireysel,265,0.7703488372093024,117.25290697674419,2,Esnek
707,383,bireysel,297,0.7754569190600522,75.67885117493472,2,Esnek
708,4812,kurumsal,701,0.14567747298420616,91.42040731504572,0,Esnek Değil
709,146,bireysel,134,0.9178082191780822,111.64383561643835,2,Esnek
710,608,bireysel,392,0.6447368421052632,71.01315789473684,1,Orta
711,466,bireysel,328,0.703862660944206,79.76394849785407,2,Esnek
712,610,bireysel,387,0.6344262295081967,96.78196721311475,1,Orta
713,80,bireysel,71,0.8875,55.8,2,Esnek
714,1887,KOBİ,626,0.3317435082140964,101.3190249072602,0,Esnek Değil
715,4124,kurumsal,694,0.16828322017458777,97.09456838021339,0,Esnek Değil
716,525,bireysel,366,0.6971428571428572,86.76571428571428,1,Orta
717,794,KOBİ,460,0.5793450881612091,112.31234256926952,1,Orta
718,3588,kurumsal,684,0.19063545150501673,89.55183946488295,0,Esnek Değil
719,863,KOBİ,467,0.541135573580533,87.48899188876014,1,Orta
720,152,bireysel,135,0.8881578947368421,79.54605263157895,2,Esnek
721,528,bireysel,362,0.6856060606060606,79.01893939393939,1,Orta
722,617,bireysel,389,0.6304700162074555,84.56888168557536,1,Orta
723,346,bireysel,262,0.7572254335260116,86.5693641618497,2,Esnek
724,891,KOBİ,492,0.5521885521885522,91.85858585858585,1,Orta
725,4109,kurumsal,694,0.16889754198101728,93.06765636407886,0,Esnek Değil
726,3620,kurumsal,685,0.18922651933701656,93.2196132596685,0,Esnek Değil
727,338,bireysel,252,0.7455621301775148,81.33431952662721,2,Esnek
728,101,bireysel,93,0.9207920792079208,80.35643564356435,2,Esnek
729,11948,kurumsal,703,0.058838299296953465,91.68655841981922,0,Esnek Değil
730,1482,KOBİ,607,0.40958164642375167,89.44331983805668,1,Orta
731,138,bireysel,116,0.8405797101449275,51.44202898550725,2,Esnek
732,2711,KOBİ,674,0.24861674658797492,87.81814828476577,0,Esnek Değil
733,1879,KOBİ,626,0.33315593400745075,96.37040979244279,0,Esnek Değil
734,460,bireysel,334,0.7260869565217392,86.1086956521739,2,Esnek
735,586,bireysel,387,0.6604095563139932,83.47952218430034,1,Orta
736,314,bireysel,250,0.7961783439490446,99.0732484076433,2,Esnek
737,81,bireysel,72,0.8888888888888888,48.39506172839506,2,Esnek
738,261,bireysel,212,0.8122605363984674,71.48275862068965,2,Esnek
739,1350,KOBİ,575,0.42592592592592593,80.29777777777778,1,Orta
740,80,bireysel,76,0.95,173.1125,2,Esnek
741,277,bireysel,225,0.8122743682310469,99.89891696750902,2,Esnek
742,343,bireysel,272,0.793002915451895,90.51895043731778,2,Esnek
743,490,bireysel,337,0.6877551020408164,83.60204081632654,1,Orta
744,2764,KOBİ,680,0.2460202604920405,94.69138929088278,0,Esnek Değil
745,269,bireysel,222,0.8252788104089219,108.37546468401487,2,Esnek
746,283,bireysel,228,0.8056537102473498,77.77031802120142,2,Esnek
747,945,KOBİ,506,0.5354497354497354,90.5015873015873,1,Orta
748,382,bireysel,278,0.7277486910994765,83.52879581151832,2,Esnek
749,175,bireysel,153,0.8742857142857143,122.53714285714285,2,Esnek
750,352,bireysel,266,0.7556818181818182,85.40056818181819,2,Esnek
751,115,bireysel,100,0.8695652173913043,81.2695652173913,2,Esnek
752,165,bireysel,142,0.8606060606060606,94.4121212121212,2,Esnek
753,406,bireysel,299,0.7364532019704434,87.98768472906404,2,Esnek
754,313,bireysel,246,0.7859424920127795,104.82747603833866,2,Esnek
755,2659,KOBİ,675,0.25385483264385106,90.30086498683715,0,Esnek Değil
756,299,bireysel,226,0.7558528428093646,96.26421404682274,2,Esnek
757,539,bireysel,361,0.6697588126159555,104.12059369202227,1,Orta
758,617,bireysel,388,0.6288492706645057,103.28200972447326,1,Orta
759,64,bireysel,60,0.9375,66.71875,2,Esnek
760,718,bireysel,440,0.6128133704735376,94.4958217270195,1,Orta
761,146,bireysel,129,0.8835616438356164,114.25342465753425,2,Esnek
762,6030,kurumsal,697,0.11558872305140962,90.81210613598674,0,Esnek Değil
763,138,bireysel,125,0.9057971014492754,79.15217391304348,2,Esnek
764,336,bireysel,265,0.7886904761904762,96.93452380952381,2,Esnek
765,100,bireysel,96,0.96,114.24,2,Esnek
766,35202,kurumsal,703,0.019970456224078177,90.41074370774388,0,Esnek Değil
767,464,bireysel,319,0.6875,83.55818965517241,1,Orta
768,548,bireysel,364,0.6642335766423357,90.31021897810218,1,Orta
769,101,bireysel,95,0.9405940594059405,109.16831683168317,2,Esnek
770,1006,KOBİ,502,0.4990059642147117,84.941351888668,1,Orta
771,142,bireysel,126,0.8873239436619719,129.07746478873239,2,Esnek
772,2270,KOBİ,658,0.28986784140969163,90.86299559471365,0,Esnek Değil
773,166,bireysel,149,0.8975903614457831,78.45180722891567,2,Esnek
774,135,bireysel,123,0.9111111111111111,74.26666666666667,2,Esnek
775,70,bireysel,70,1.0,103.07142857142857,2,Esnek
776,422,bireysel,304,0.7203791469194313,94.67298578199052,2,Esnek
777,532,bireysel,362,0.6804511278195489,108.94172932330827,1,Orta
778,108,bireysel,97,0.8981481481481481,48.129629629629626,2,Esnek
779,1165,KOBİ,546,0.46866952789699573,93.81030042918455,1,Orta
780,358,bireysel,282,0.7877094972067039,109.35754189944134,2,Esnek
781,463,bireysel,339,0.7321814254859611,110.26349892008639,2,Esnek
782,372,bireysel,293,0.7876344086021505,92.70967741935483,2,Esnek
783,316,bireysel,244,0.7721518987341772,113.4367088607595,2,Esnek
784,497,bireysel,355,0.7142857142857143,83.1569416498994,2,Esnek
785,132,bireysel,122,0.9242424242424242,50.628787878787875,2,Esnek
786,138,bireysel,124,0.8985507246376812,105.34782608695652,2,Esnek
787,1782,KOBİ,629,0.35297418630751964,100.12514029180696,0,Esnek Değil
788,4820,kurumsal,698,0.14481327800829877,81.32842323651452,0,Esnek Değil
789,294,bireysel,238,0.8095238095238095,80.30952380952381,2,Esnek
790,207,bireysel,178,0.8599033816425121,54.79710144927536,2,Esnek
791,673,bireysel,413,0.6136701337295691,81.29420505200595,1,Orta
792,323,bireysel,249,0.7708978328173375,127.46749226006192,2,Esnek
793,76,bireysel,70,0.9210526315789473,88.42105263157895,2,Esnek
794,126,bireysel,114,0.9047619047619048,108.5079365079365,2,Esnek
795,900,KOBİ,496,0.5511111111111111,72.45111111111112,1,Orta
796,676,bireysel,416,0.6153846153846154,94.54437869822485,1,Orta
797,71,bireysel,63,0.8873239436619719,71.40845070422536,2,Esnek
798,171,bireysel,149,0.8713450292397661,58.345029239766085,2,Esnek
799,185,bireysel,166,0.8972972972972973,82.58918918918918,2,Esnek
800,745,bireysel,443,0.5946308724832214,101.71409395973154,1,Orta
801,62,bireysel,58,0.9354838709677419,64.90322580645162,2,Esnek
802,123,bireysel,113,0.9186991869918699,86.22764227642277,2,Esnek
803,1244,KOBİ,576,0.4630225080385852,90.0032154340836,1,Orta
804,138,bireysel,123,0.8913043478260869,62.91304347826087,2,Esnek
805,710,bireysel,430,0.6056338028169014,97.01549295774647,1,Orta
806,191,bireysel,161,0.8429319371727748,72.82198952879581,2,Esnek
807,113,bireysel,106,0.9380530973451328,100.52212389380531,2,Esnek
808,196,bireysel,166,0.8469387755102041,66.04591836734694,2,Esnek
809,905,KOBİ,488,0.5392265193370166,102.87182320441988,1,Orta
810,1688,KOBİ,613,0.3631516587677725,90.6617298578199,0,Esnek Değil
811,1440,KOBİ,576,0.4,103.09375,0,Esnek Değil
812,277,bireysel,223,0.8050541516245487,90.07581227436823,2,Esnek
813,783,bireysel,449,0.5734355044699873,105.23627075351213,1,Orta
814,167,bireysel,150,0.8982035928143712,93.73652694610779,2,Esnek
815,223,bireysel,184,0.8251121076233184,65.25112107623319,2,Esnek
816,2234,KOBİ,656,0.2936436884512086,89.40420769919427,0,Esnek Değil
817,84,bireysel,76,0.9047619047619048,79.13095238095238,2,Esnek
818,97,bireysel,91,0.9381443298969072,164.8041237113402,2,Esnek
819,176,bireysel,154,0.875,67.4034090909091,2,Esnek
820,76,bireysel,69,0.9078947368421053,137.0,2,Esnek
821,151,bireysel,135,0.8940397350993378,82.02649006622516,2,Esnek
822,547,bireysel,367,0.6709323583180987,95.59963436928702,1,Orta
823,331,bireysel,262,0.7915407854984894,101.00604229607251,2,Esnek
824,2123,KOBİ,631,0.2972209138012247,88.37682524729156,0,Esnek Değil
825,1386,KOBİ,584,0.4213564213564214,76.04040404040404,1,Orta
826,282,bireysel,234,0.8297872340425532,110.96099290780141,2,Esnek
827,210,bireysel,182,0.8666666666666667,88.1952380952381,2,Esnek
828,308,bireysel,247,0.801948051948052,75.59740259740259,2,Esnek
829,621,bireysel,409,0.6586151368760065,79.44283413848632,1,Orta
830,220,bireysel,186,0.8454545454545455,44.263636363636365,2,Esnek
831,659,bireysel,422,0.6403641881638846,78.05918057663126,1,Orta
832,349,bireysel,273,0.7822349570200573,102.79369627507164,2,Esnek
833,502,bireysel,328,0.6533864541832669,106.08167330677291,1,Orta
834,342,bireysel,278,0.8128654970760234,104.5701754385965,2,Esnek
835,192,bireysel,164,0.8541666666666666,53.494791666666664,2,Esnek
836,4863,kurumsal,699,0.14373843306600864,94.78326136129961,0,Esnek Değil
837,1031,KOBİ,514,0.498545101842871,89.85548011639185,1,Orta
838,140,bireysel,126,0.9,96.45,2,Esnek
839,1863,KOBİ,644,0.345679012345679,88.95759527643585,0,Esnek Değil
840,435,bireysel,325,0.7471264367816092,106.48965517241379,2,Esnek
841,2308,KOBİ,656,0.28422876949740034,86.86568457538995,0,Esnek Değil
842,1223,KOBİ,541,0.4423548650858545,101.15862632869992,1,Orta
843,339,bireysel,262,0.7728613569321534,69.64306784660766,2,Esnek
844,73,bireysel,66,0.9041095890410958,97.01369863013699,2,Esnek
845,200,bireysel,170,0.85,88.53,2,Esnek
846,497,bireysel,338,0.6800804828973843,93.0503018108652,1,Orta
847,648,bireysel,416,0.6419753086419753,82.72376543209876,1,Orta
848,210,bireysel,174,0.8285714285714286,140.66666666666666,2,Esnek
849,123,bireysel,111,0.9024390243902439,82.1869918699187,2,Esnek
850,1510,KOBİ,588,0.3894039735099338,87.80463576158941,0,Esnek Değil
851,11735,kurumsal,703,0.05990626331487005,91.17613975287601,0,Esnek Değil
852,449,bireysel,308,0.6859688195991092,110.70155902004454,1,Orta
853,126,bireysel,116,0.9206349206349206,91.33333333333333,2,Esnek
854,218,bireysel,177,0.8119266055045872,116.73853211009174,2,Esnek
855,67,bireysel,64,0.9552238805970149,108.65671641791045,2,Esnek
856,2613,KOBİ,670,0.2564102564102564,86.20818982013012,0,Esnek Değil
857,94,bireysel,89,0.9468085106382979,85.40425531914893,2,Esnek
858,529,bireysel,362,0.6843100189035917,88.38185255198488,1,Orta
859,225,bireysel,193,0.8577777777777778,90.19111111111111,2,Esnek
860,547,bireysel,376,0.6873857404021938,81.29250457038391,1,Orta
861,733,bireysel,445,0.607094133697135,75.88676671214188,1,Orta
862,1493,KOBİ,590,0.39517749497655724,84.8901540522438,0,Esnek Değil
863,181,bireysel,163,0.9005524861878453,91.71270718232044,2,Esnek
864,48,bireysel,48,1.0,57.916666666666664,2,Esnek
865,135,bireysel,127,0.9407407407407408,102.68148148148148,2,Esnek
866,2333,KOBİ,657,0.2816116588084012,96.18045435062152,0,Esnek Değil
867,1920,KOBİ,644,0.33541666666666664,87.6578125,0,Esnek Değil
868,549,bireysel,366,0.6666666666666666,107.79963570127505,1,Orta
869,607,bireysel,400,0.6589785831960461,97.47775947281713,1,Orta
870,734,bireysel,450,0.6130790190735694,72.2016348773842,1,Orta
871,147,bireysel,135,0.9183673469387755,88.94557823129252,2,Esnek
872,2659,KOBİ,662,0.24896577660774727,94.52576156449793,0,Esnek Değil
873,372,bireysel,280,0.7526881720430108,77.91935483870968,2,Esnek
874,303,bireysel,252,0.8316831683168316,48.960396039603964,2,Esnek
875,435,bireysel,315,0.7241379310344828,82.7448275862069,2,Esnek
876,66,bireysel,62,0.9393939393939394,75.46969696969697,2,Esnek
877,141,bireysel,125,0.8865248226950354,75.98581560283688,2,Esnek
878,996,KOBİ,516,0.5180722891566265,100.27710843373494,1,Orta
879,89,bireysel,82,0.9213483146067416,91.01123595505618,2,Esnek
880,618,bireysel,400,0.6472491909385113,85.20550161812298,1,Orta
881,154,bireysel,137,0.8896103896103896,148.64935064935065,2,Esnek
882,297,bireysel,229,0.7710437710437711,83.52861952861953,2,Esnek
883,209,bireysel,175,0.8373205741626795,134.07177033492823,2,Esnek
884,275,bireysel,224,0.8145454545454546,77.38181818181818,2,Esnek
885,859,KOBİ,470,0.5471478463329453,85.81140861466822,1,Orta
886,248,bireysel,214,0.8629032258064516,83.28629032258064,2,Esnek
887,520,bireysel,364,0.7,97.82692307692308,1,Orta
888,394,bireysel,294,0.7461928934010152,75.57360406091371,2,Esnek
889,696,bireysel,437,0.6278735632183908,89.50718390804597,1,Orta
890,4223,kurumsal,699,0.1655221406582998,100.18233483305707,0,Esnek Değil
891,905,KOBİ,494,0.5458563535911602,96.49171270718232,1,Orta
892,164,bireysel,141,0.8597560975609756,109.17682926829268,2,Esnek
893,73,bireysel,71,0.9726027397260274,42.0,2,Esnek
894,186,bireysel,162,0.8709677419354839,80.59677419354838,2,Esnek
895,531,bireysel,358,0.6741996233521658,121.5819209039548,1,Orta
896,77,bireysel,73,0.948051948051948,46.57142857142857,2,Esnek
897,427,bireysel,314,0.7353629976580797,61.5807962529274,2,Esnek
898,561,bireysel,368,0.6559714795008913,91.47237076648841,1,Orta
899,259,bireysel,214,0.8262548262548263,102.88030888030887,2,Esnek
900,1069,KOBİ,522,0.4883068288119738,97.46304957904584,1,Orta
901,111,bireysel,109,0.9819819819819819,69.41441441441441,2,Esnek
902,86,bireysel,77,0.8953488372093024,113.29069767441861,2,Esnek
903,930,KOBİ,483,0.5193548387096775,87.35806451612903,1,Orta
904,439,bireysel,315,0.7175398633257403,79.16856492027335,2,Esnek
905,799,bireysel,460,0.5757196495619524,70.74092615769712,1,Orta
906,362,bireysel,284,0.7845303867403315,98.79834254143647,2,Esnek
907,188,bireysel,165,0.8776595744680851,108.87765957446808,2,Esnek
908,1346,KOBİ,560,0.4160475482912333,85.31129271916791,1,Orta
909,1343,KOBİ,582,0.43335815338793743,95.79523454951601,1,Orta
910,762,bireysel,446,0.5853018372703412,84.11023622047244,1,Orta
911,195,bireysel,171,0.8769230769230769,65.05128205128206,2,Esnek
912,584,bireysel,384,0.6575342465753424,89.86986301369863,1,Orta
913,309,bireysel,241,0.7799352750809061,70.75080906148867,2,Esnek
914,104,bireysel,94,0.9038461538461539,91.32692307692308,2,Esnek
915,2676,KOBİ,675,0.2522421524663677,90.06165919282512,0,Esnek Değil
916,136,bireysel,119,0.875,73.7720588235294,2,Esnek
917,4992,kurumsal,699,0.14002403846153846,89.07752403846153,0,Esnek Değil
918,337,bireysel,253,0.7507418397626113,103.06528189910979,2,Esnek
919,153,bireysel,136,0.8888888888888888,113.51633986928104,2,Esnek
920,497,bireysel,345,0.6941649899396378,84.65392354124748,1,Orta
921,1940,KOBİ,645,0.3324742268041237,91.62474226804123,0,Esnek Değil
922,984,KOBİ,515,0.5233739837398373,74.96138211382114,1,Orta
923,1324,KOBİ,580,0.4380664652567976,91.17296072507553,1,Orta
924,700,bireysel,422,0.6028571428571429,93.41714285714286,1,Orta
925,831,bireysel,478,0.5752105896510229,85.67509025270758,1,Orta
926,1635,KOBİ,605,0.37003058103975534,78.24525993883792,0,Esnek Değil
927,213,bireysel,178,0.8356807511737089,124.44131455399061,2,Esnek
928,409,bireysel,310,0.7579462102689487,68.73594132029339,2,Esnek
929,174,bireysel,146,0.8390804597701149,76.61494252873563,2,Esnek
930,13806,kurumsal,703,0.05091988990294075,92.85209329277126,0,Esnek Değil
931,4501,kurumsal,696,0.15463230393245944,85.94156854032437,0,Esnek Değil
932,85,bireysel,75,0.8823529411764706,111.09411764705882,2,Esnek
933,829,KOBİ,454,0.5476477683956574,109.07478890229191,1,Orta
934,3702,kurumsal,690,0.18638573743922204,87.71907077255537,0,Esnek Değil
935,154,bireysel,131,0.8506493506493507,90.55844155844156,2,Esnek
936,512,bireysel,357,0.697265625,101.373046875,1,Orta
937,2626,KOBİ,668,0.25437928408225435,81.97067783701448,0,Esnek Değil
938,73,bireysel,69,0.9452054794520548,79.8082191780822,2,Esnek
939,820,KOBİ,480,0.5853658536585366,78.72804878048781,1,Orta
940,198,bireysel,184,0.9292929292929293,87.34343434343434,2,Esnek
941,3641,kurumsal,688,0.18895907717659985,88.66300466904697,0,Esnek Değil
942,7692,kurumsal,703,0.09139365574622985,87.73582943317733,0,Esnek Değil
943,4536,kurumsal,694,0.15299823633156967,94.78835978835978,0,Esnek Değil
944,386,bireysel,286,0.7409326424870466,91.53886010362694,2,Esnek
945,1722,KOBİ,622,0.3612078977932636,84.20557491289199,0,Esnek Değil
946,1540,KOBİ,602,0.39090909090909093,90.76038961038961,0,Esnek Değil
947,243,bireysel,211,0.8683127572016461,102.45679012345678,2,Esnek
948,1446,KOBİ,593,0.41009681881051174,88.53457814661134,1,Orta
949,79,bireysel,75,0.9493670886075949,144.8987341772152,2,Esnek
950,566,bireysel,381,0.6731448763250883,99.81978798586573,1,Orta
951,177,bireysel,155,0.8757062146892656,75.84745762711864,2,Esnek
952,83,bireysel,77,0.927710843373494,70.81927710843374,2,Esnek
953,100,bireysel,91,0.91,98.82,2,Esnek
954,813,KOBİ,465,0.5719557195571956,72.88068880688807,1,Orta
955,279,bireysel,226,0.8100358422939068,83.00716845878136,2,Esnek
956,914,KOBİ,500,0.5470459518599562,93.88293216630197,1,Orta
957,79,bireysel,75,0.9493670886075949,116.0886075949367,2,Esnek
958,225,bireysel,198,0.88,103.02666666666667,2,Esnek
959,481,bireysel,338,0.7027027027027027,108.38461538461539,2,Esnek
960,1234,KOBİ,564,0.45705024311183146,78.40842787682334,1,Orta
961,241,bireysel,202,0.8381742738589212,82.06224066390041,2,Esnek
962,625,bireysel,406,0.6496,83.4928,1,Orta
963,2146,KOBİ,650,0.30288909599254427,84.67101584342964,0,Esnek Değil
964,606,bireysel,402,0.6633663366336634,91.14026402640265,1,Orta
965,189,bireysel,163,0.8624338624338624,112.70370370370371,2,Esnek
966,67,bireysel,66,0.9850746268656716,69.25373134328358,2,Esnek
967,1896,KOBİ,635,0.334915611814346,83.52373417721519,0,Esnek Değil
968,66,bireysel,64,0.9696969696969697,89.18181818181819,2,Esnek
969,1934,KOBİ,631,0.3262668045501551,81.60754912099276,0,Esnek Değil
970,489,bireysel,339,0.6932515337423313,101.67484662576688,1,Orta
971,4259,kurumsal,693,0.16271425217187133,94.21084761681146,0,Esnek Değil
972,1216,KOBİ,562,0.4621710526315789,91.92269736842105,1,Orta
973,47060,kurumsal,703,0.014938376540586485,91.12029324266894,0,Esnek Değil
974,256,bireysel,222,0.8671875,73.37890625,2,Esnek
975,1084,KOBİ,542,0.5,87.60977859778598,1,Orta
976,302,bireysel,235,0.7781456953642384,96.70860927152317,2,Esnek
977,393,bireysel,303,0.7709923664122137,72.20865139949109,2,Esnek
978,633,bireysel,389,0.6145339652448657,91.96050552922591,1,Orta
979,1856,KOBİ,632,0.34051724137931033,89.89870689655173,0,Esnek Değil
980,11660,kurumsal,703,0.060291595197255576,90.37958833619211,0,Esnek Değil
981,1134,KOBİ,538,0.47442680776014107,88.1604938271605,1,Orta
982,316,bireysel,238,0.7531645569620253,69.12974683544304,2,Esnek
983,342,bireysel,270,0.7894736842105263,88.41228070175438,2,Esnek
984,989,KOBİ,522,0.5278058645096056,81.14459049544995,1,Orta
985,180,bireysel,165,0.9166666666666666,131.06666666666666,2,Esnek
986,114,bireysel,101,0.8859649122807017,123.95614035087719,2,Esnek
987,296,bireysel,230,0.777027027027027,89.92905405405405,2,Esnek
988,215,bireysel,186,0.8651162790697674,132.4093023255814,2,Esnek
989,258,bireysel,205,0.7945736434108527,113.25193798449612,2,Esnek
990,183,bireysel,162,0.8852459016393442,82.13661202185793,2,Esnek
991,93,bireysel,86,0.9247311827956989,47.29032258064516,2,Esnek
992,71,bireysel,67,0.9436619718309859,122.54929577464789,2,Esnek
993,13590,kurumsal,703,0.05172921265636497,93.79352465047829,0,Esnek Değil
994,316,bireysel,240,0.759493670886076,108.87341772151899,2,Esnek
995,301,bireysel,241,0.8006644518272426,114.80730897009967,2,Esnek
996,775,bireysel,443,0.5716129032258065,100.77032258064516,1,Orta
997,182,bireysel,160,0.8791208791208791,58.13186813186813,2,Esnek
998,5085,kurumsal,698,0.13726647000983283,96.33608652900688,0,Esnek Değil
999,1184,KOBİ,551,0.4653716216216216,89.33108108108108,1,Orta
1000,87,bireysel,81,0.9310344827586207,115.17241379310344,2,Esnek
